{"weight": 70.460159515, "height": 171.21164414999998, "blood_glucose": 139.7020732, "physical_activity": 30.687411599999997, "sleep_hours": 7.001153722, "bmi": 24.1, "diet": 1.0, "hydration_level": 1.0, "medication_adherence": 1.0, "stress_level": 0.0}